puzis SotA 2, operation = remove, graph nodes = 1000, graph edges 5952, edge stream size = 50, groups size = 11, number of groups = 11
1, 29.358144760131836
2, 58.56350111961365
3, 88.03206205368042
4, 117.5432620048523
