puzis SotA 2, operation = remove, graph nodes = 1000, graph edges 5952, edge stream size = 50, groups size = 11, number of groups = 11
1, 242.77313294491526, 266.77734375
2, 242.86445445819112, 266.6796875
3, 242.99366554054055, 266.78125
4, 243.03048458614865, 266.69140625
