thesis gbc, operation = remove, graph nodes = 333, graph edges 2519, edge stream size = 5, groups size = 5, number of groups = 5
1, 1.8220436573028564
2, 3.740046739578247
3, 5.610568523406982
4, 7.461293935775757
5, 9.729378938674927
