thesis gbc, operation = remove, graph nodes = 333, graph edges 2519, edge stream size = 5, groups size = 5, number of groups = 5
1, 4.041774034500122
2, 5.859877347946167
3, 7.650895833969116
4, 9.758171319961548
5, 11.618619680404663
