puzis SotA, operation = add, graph nodes = 333, graph edges 2514, edge stream size = 5, groups size = 5, number of groups = 5
1, 1.4617552757263184
2, 2.9344863891601562
3, 4.387121677398682
4, 5.8359575271606445
5, 7.283666372299194
