thesis gbc, operation = add, graph nodes = 333, graph edges 2514, edge stream size = 5, groups size = 5, number of groups = 5
1, 4.145748615264893
2, 5.967529058456421
3, 7.78732442855835
4, 9.638351202011108
5, 11.447150707244873
