puzis SotA, operation = add, graph nodes = 333, graph edges 2514, edge stream size = 5, groups size = 5, number of groups = 5
1, 2.0154519081115723
2, 4.047502756118774
3, 6.105158567428589
4, 8.1672203540802
5, 10.2202787399292
