puzis SotA, operation = add, graph nodes = 333, graph edges 2514, edge stream size = 5, groups size = 5, number of groups = 5
1, 1.7864596843719482
2, 3.5516953468322754
3, 5.288000583648682
4, 7.024447679519653
5, 8.75408124923706
