thesis gbc, operation = remove, graph nodes = 333, graph edges 2519, edge stream size = 5, groups size = 5, number of groups = 5
1, 1.290653944015503
2, 2.475912094116211
3, 3.683513879776001
4, 4.894662141799927
5, 6.11130428314209
