operation = add, graph nodes = 333, graph edges 2514, edge stream size = 5, groups size = 5, number of groups = 5
1, 1.771876335144043
2, 3.508901596069336
3, 5.237731695175171
4, 6.961870431900024
5, 8.683867931365967
