thesis gbc, operation = add, graph nodes = 333, graph edges 2514, edge stream size = 5, groups size = 5, number of groups = 5
1, 1.3182766437530518
2, 2.6360726356506348
3, 3.8503615856170654
4, 5.079682111740112
5, 6.339059352874756
