thesis gbc, operation = add, graph nodes = 333, graph edges 2514, edge stream size = 5, groups size = 5, number of groups = 5
1, 1.2543962001800537
2, 2.502350091934204
3, 3.8049192428588867
4, 4.993926525115967
5, 6.2129738330841064
