thesis gbc, operation = remove, graph nodes = 333, graph edges 2519, edge stream size = 5, groups size = 5, number of groups = 5
1, 1.3560936450958252
2, 2.625673770904541
3, 3.8890764713287354
4, 5.141621828079224
5, 6.526437759399414
