puzis SotA, operation = remove, graph nodes = 333, graph edges 2519, edge stream size = 5, groups size = 5, number of groups = 5
1, 1.440751314163208
2, 2.8933184146881104
3, 4.337496042251587
4, 5.778232574462891
5, 7.218213081359863
