puzis SotA, operation = remove, graph nodes = 333, graph edges 2519, edge stream size = 5, groups size = 5, number of groups = 5
1, 2.0422635078430176
2, 4.112252950668335
3, 6.198302507400513
4, 8.221842765808105
5, 10.336365938186646
