puzis SotA, operation = add, graph nodes = 333, graph edges 2514, edge stream size = 5, groups size = 5, number of groups = 5
1, 1.454845905303955
2, 2.917283296585083
3, 4.3751068115234375
4, 5.822895288467407
5, 7.2699668407440186
