thesis algo, operation = add, graph nodes = 333, graph edges 2509, edge stream size = 10, groups size = 10, number of groups = 10
1, 4.847042560577393
2, 9.734421253204346
3, 14.472755193710327
4, 19.384902715682983
5, 24.221718788146973
6, 29.094741582870483
7, 33.87690305709839
8, 38.66866707801819
9, 43.413944482803345
10, 48.2391095161438
