puzis SotA, operation = add, graph nodes = 333, graph edges 2509, edge stream size = 10, groups size = 10, number of groups = 10
1, 3.8784825801849365
2, 7.774653911590576
3, 11.811249256134033
4, 15.759260654449463
5, 19.612953662872314
6, 23.489680767059326
7, 27.378641605377197
8, 31.24994659423828
9, 35.133589029312134
10, 39.08529448509216
