thesis algo old, operation = remove, graph nodes = 333, graph edges 2519, edge stream size = 5, groups size = 5, number of groups = 5
1, 1.3027136325836182
2, 2.489555835723877
3, 3.704594373703003
4, 4.93255877494812
5, 6.164625644683838
