puzis SotA, operation = add, graph nodes = 333, graph edges 2509, edge stream size = 10, groups size = 10, number of groups = 10
1, 4.12600564956665
2, 8.152204275131226
3, 12.199421405792236
4, 16.237621307373047
5, 20.305713176727295
6, 24.367286205291748
7, 28.393484830856323
8, 32.442626953125
9, 36.48980665206909
10, 40.54300856590271
