thesis algo old, operation = remove, graph nodes = 333, graph edges 2519, edge stream size = 5, groups size = 5, number of groups = 5
1, 1.3548588752746582
2, 2.6274259090423584
3, 3.8835666179656982
4, 5.134204864501953
5, 6.518383741378784
