puzis SotA, operation = remove, graph nodes = 333, graph edges 2519, edge stream size = 5, groups size = 5, number of groups = 5
1, 2.0611579418182373
2, 4.116125106811523
3, 6.139361143112183
4, 8.259943723678589
5, 10.305506467819214
