thesis algo, operation = add, graph nodes = 333, graph edges 2519, edge stream size = 10, groups size = 10, number of groups = 10
1, 4.749541282653809
2, 9.478620052337646
3, 14.18050503730774
4, 18.820602893829346
5, 23.519559860229492
6, 28.279943227767944
7, 32.902437925338745
8, 37.58294606208801
9, 42.260653495788574
10, 47.01500058174133
