thesis gbc, operation = add, graph nodes = 333, graph edges 2514, edge stream size = 5, groups size = 5, number of groups = 5
1, 3.974839210510254
2, 5.711008310317993
3, 7.526069164276123
4, 9.29759955406189
5, 11.065576553344727
