puzis SotA, operation = add, graph nodes = 333, graph edges 2514, edge stream size = 5, groups size = 5, number of groups = 5
1, 2.123199462890625
2, 4.143053293228149
3, 6.232081651687622
4, 8.264518976211548
5, 10.280307292938232
