puzis SotA, operation = remove, graph nodes = 333, graph edges 2519, edge stream size = 5, groups size = 5, number of groups = 5
1, 1.4438107013702393
2, 2.89444899559021
3, 4.346632242202759
4, 5.789747476577759
5, 7.232690334320068
