thesis algo, operation = add, graph nodes = 1034, graph edges 26749, edge stream size = 10, groups size = 10, number of groups = 10
1, 33.77889108657837
2, 66.39110660552979
3, 98.91584730148315
4, 131.9224135875702
5, 165.36261582374573
6, 198.2675266265869
7, 230.78966307640076
8, 263.52682089805603
9, 295.9220736026764
10, 328.6557528972626
