puzis SotA, operation = add, graph nodes = 1034, graph edges 26739, edge stream size = 10, groups size = 10, number of groups = 10
1, 41.989768266677856
2, 83.81881976127625
3, 126.48152446746826
4, 172.74816823005676
5, 220.218599319458
6, 265.4970018863678
7, 310.61212706565857
8, 353.03743600845337
9, 397.295432806015
10, 439.15735960006714
