puzis SotA 2, operation = add, graph nodes = 1000, graph edges 949, edge stream size = 50, groups size = 10, number of groups = 10
1, 226.61049360795454, 266.4453125
2, 228.76437570382882, 266.41796875
